loss,val_loss
0.011258093640208244,0.00174605508800596
0.0006943929474800825,0.0006413249066099524
0.0006319992826320231,0.0005924075958319008
0.0006084350170567632,0.0005880692042410374
0.0005950596532784402,0.000583646644372493
0.0005865350249223411,0.0005807105335406959
0.0005814649048261344,0.0005783385131508112
0.000578085717279464,0.0005764128873124719
0.0005752177094109356,0.0005737197352573276
0.0005731685669161379,0.0005716425366699696
